email,username,tel,password
shui@yahoo.com,ztbuklgr,010-6705-6021,1234
smgpe@hanmail.net,rmwseky,010-4570-6492,1234
zsgn@yahoo.com,urqthg,010-1973-4302,1234
sejir@yahoo.com,dqmetsa,010-4017-2654,1234
arkd@gmail.com,diayjt,010-4937-6591,1234
rfcnw@gmail.com,mikzeud,010-7534-3289,1234
gracb@gmail.com,uizteqg,010-5648-6590,1234
nkgf@yahoo.com,aftckshw,010-5402-0158,1234
orekx@hanmail.net,qftgmyw,010-0327-2497,1234
obug@naver.com,ambkwc,010-8379-0618,1234
isyqj@gmail.com,vbxrjqah,010-5960-0973,1234
xbza@yahoo.com,syetdzi,010-4689-6381,1234
ykehx@yahoo.com,psquhf,010-9465-4278,1234
cthfe@gmail.com,ixgujc,010-0812-1863,1234
atxp@naver.com,qaktlzcw,010-4957-5063,1234
ixhpm@naver.com,shenicq,010-8453-5347,1234
wmus@gmail.com,abnifj,010-0375-7348,1234
rmpnw@naver.com,brayfq,010-9083-2714,1234
febms@gmail.com,focweurd,010-2943-8150,1234
nkctl@hanmail.net,jbvpwxu,010-4379-8537,1234
troe@gmail.com,dqmlyekg,010-9573-0279,1234
mhqv@hanmail.net,thnslu,010-9086-2367,1234
vnbh@gmail.com,ltmxfqgh,010-7162-5038,1234
djpin@gmail.com,ylqwngo,010-6985-2976,1234
twdxi@hanmail.net,xwqhfkeu,010-5209-3625,1234
odkf@naver.com,ebpoxs,010-6359-5134,1234
cewf@gmail.com,zoypihcj,010-8504-0692,1234
dcbg@hanmail.net,ctxzenk,010-1570-0379,1234
xmby@hanmail.net,jibdguc,010-3845-4680,1234
wybi@naver.com,yhtcleuz,010-5289-4736,1234
cptu@yahoo.com,bfqgchke,010-4319-1302,1234
kmigt@yahoo.com,hietzpb,010-1956-7496,1234
chplw@naver.com,ngmyzb,010-0834-1587,1234
frxl@gmail.com,vystxqh,010-8734-1750,1234
lpot@gmail.com,wpicmu,010-9304-0695,1234
jups@yahoo.com,cylvzpri,010-0721-9640,1234
tokf@yahoo.com,bynrsum,010-5642-0631,1234
gvtjn@gmail.com,yvoajzr,010-9342-0673,1234
yzxvm@yahoo.com,yzdwgmln,010-0129-4857,1234
dgcxj@hanmail.net,uispdq,010-0127-7250,1234
sygz@naver.com,ylbvfqiz,010-4532-7056,1234
tqpj@yahoo.com,hubamglf,010-5291-8579,1234
bhucg@hanmail.net,gzawdo,010-5286-9710,1234
nrzmc@naver.com,uianbvrk,010-5397-6239,1234
bhyte@naver.com,xfgzlai,010-4893-5927,1234
mgod@naver.com,zgfbcn,010-5064-3284,1234
ajve@naver.com,fjoeabck,010-7526-9063,1234
xanh@yahoo.com,hvznsrx,010-7381-9140,1234
mtqb@hanmail.net,kijabm,010-9135-5608,1234
zxqf@naver.com,fnygvmb,010-4859-6387,1234
hxsfj@hanmail.net,gbituzf,010-9753-3719,1234
bvis@naver.com,arlvdc,010-6143-6891,1234
tlbjq@gmail.com,hqjtxd,010-1927-8923,1234
gotp@naver.com,ghltnj,010-5910-5398,1234
frywa@naver.com,vtpnozr,010-5386-6523,1234
gkwq@yahoo.com,gbtkcf,010-6257-4573,1234
alkds@hanmail.net,gszjktpb,010-8906-3610,1234
avsyh@hanmail.net,cwqiadyb,010-1254-6903,1234
yfmlw@yahoo.com,cvtdjhz,010-9051-2683,1234
vldf@naver.com,wyresmp,010-6913-6871,1234
pzgu@hanmail.net,diblftpv,010-1825-5172,1234
yhntv@hanmail.net,wurcyb,010-0439-2685,1234
unsbf@gmail.com,cvflmxw,010-0894-2538,1234
exjy@hanmail.net,datlcyp,010-8164-7586,1234
gnfdo@gmail.com,ndcztipx,010-2801-2980,1234
kzif@naver.com,grbictp,010-2394-2796,1234
xkij@gmail.com,jekgrab,010-8401-2397,1234
pdxfc@yahoo.com,tsavxw,010-7514-4085,1234
cmpx@yahoo.com,zheftaq,010-7328-6135,1234
ipoe@gmail.com,rkpsfvg,010-4301-8430,1234
catwv@hanmail.net,zusrjo,010-7362-7295,1234
nzvy@hanmail.net,nrudeb,010-9813-5208,1234
zketg@gmail.com,gxiwodek,010-2753-8672,1234
brftd@hanmail.net,wyzcxrlo,010-4159-9671,1234
ulfog@gmail.com,wusovyj,010-7150-9152,1234
sixga@naver.com,xdermlp,010-9015-6570,1234
rnpk@yahoo.com,ogytilxe,010-9035-2830,1234
aoizh@yahoo.com,jgfwvcme,010-5601-9723,1234
xyzn@yahoo.com,pdulivhj,010-7189-3490,1234
oeyt@gmail.com,ikgqwy,010-4183-6529,1234
dvakj@hanmail.net,hmlvekxn,010-4198-0532,1234
hqosd@naver.com,jketuh,010-6098-1482,1234
alvz@yahoo.com,tahyzgmn,010-4350-7403,1234
yzims@hanmail.net,ndwghcuo,010-6407-4209,1234
cehxk@hanmail.net,gonzyb,010-8139-0247,1234
npmg@gmail.com,ucnted,010-1784-8261,1234
ahyu@yahoo.com,oglsxjmz,010-7243-7291,1234
untrz@naver.com,aekysoq,010-2674-6795,1234
dfov@yahoo.com,qynhetg,010-8754-4160,1234
gtps@yahoo.com,gmyqsd,010-8476-1920,1234
wmoil@hanmail.net,vyazfle,010-1045-9427,1234
xbkgd@gmail.com,qtyzio,010-6348-5437,1234
spvqa@gmail.com,kgquhx,010-9457-2518,1234
wyrb@naver.com,tjubil,010-0879-1234,1234
zwkby@naver.com,dxogytv,010-3182-3124,1234
anei@yahoo.com,nslbwequ,010-1087-7136,1234
xmaql@hanmail.net,hbjmdfk,010-0784-1572,1234
hbcnx@yahoo.com,hcozuwfe,010-3958-2457,1234
xcao@gmail.com,ylkvsq,010-6758-9318,1234
mvysi@hanmail.net,lzodkwem,010-9641-8610,1234
